{"train_runtime": 68.7845, "train_samples_per_second": 1.163, "train_steps_per_second": 0.145, "total_flos": 0.0, "train_loss": 0.35573887825012207, "train/epoch": 1.0, "train/global_step": 10, "_timestamp": 1723983030.4702141, "_runtime": 13599.588722229004, "_step": 199, "_wandb": {"runtime": 13599}}