{"train_runtime": 73.704, "train_samples_per_second": 1.085, "train_steps_per_second": 0.136, "total_flos": 0.0, "train_loss": 0.3369588375091553, "train/epoch": 1.0, "train/global_step": 10, "_timestamp": 1724274118.2849443, "_runtime": 27182.3061273098, "_step": 399, "_wandb": {"runtime": 27181}}