{"train_runtime": 174.4435, "train_samples_per_second": 0.917, "train_steps_per_second": 0.057, "total_flos": 0.0, "train_loss": 0.6986820220947265, "train/epoch": 1.0, "train/global_step": 10, "_timestamp": 1724763939.8032374, "_runtime": 173.3189504146576, "_step": 0, "_wandb": {"runtime": 250}}