{"train_runtime": 63.8035, "train_samples_per_second": 1.254, "train_steps_per_second": 0.157, "total_flos": 0.0, "train_loss": 0.2820260763168335, "train/epoch": 1.0, "train/global_step": 10, "_timestamp": 1724778846.3730848, "_runtime": 13804.101016759872, "_step": 199, "_wandb": {"runtime": 13803}}