{"train_runtime": 62.0897, "train_samples_per_second": 1.288, "train_steps_per_second": 0.161, "total_flos": 0.0, "train_loss": 0.23063435554504394, "train/epoch": 1.0, "train/global_step": 10, "_timestamp": 1724002288.2901576, "_runtime": 13587.252563476562, "_step": 199, "_wandb": {"runtime": 13585}}