{"train_runtime": 60.8759, "train_samples_per_second": 1.314, "train_steps_per_second": 0.164, "total_flos": 0.0, "train_loss": 0.32458598613739015, "train/epoch": 1.0, "train/global_step": 10, "_timestamp": 1724172990.900967, "_runtime": 13345.518119812012, "_step": 199, "_wandb": {"runtime": 13344}}