{"train_runtime": 63.614, "train_samples_per_second": 1.258, "train_steps_per_second": 0.157, "total_flos": 0.0, "train_loss": 0.322589635848999, "train/epoch": 1.0, "train/global_step": 10, "_timestamp": 1724927863.1686168, "_runtime": 14792.220019817352, "_step": 199, "_wandb": {"runtime": 14788}}